"cluster","NMB_mean","NMB_median","NMB_p10","NMB_p90"
"1",3946673.49556457,3183432.5401729,1388785.30095552,7324222.9299075
"2",4090833.34370067,3900913.29411765,1862894.01176471,6570077.01176471
"3",1511.32843349141,1442.3565905115,985.782334119961,2127.27074005163
